{
  "selectedTemplate": 1,
  "headings": {
    "work": "Work Expierence",
    "education": "Education",
    "skills": "Skills",
    "projects": "Projects"
  },
  "basics": {
    "email": "siwulactim@gmail.com",
    "phone": "(224) 368-0749",
    "website": "github.com/timxor",
    "name": "Tim Siwula",
    "location": {
      "address": "Chicago, IL"
    }
  },
  "education": [
    {
      "institution": "University of San Francisco",
      "location": "San Francisco, CA",
      "area": "Computer Science",
      "studyType": "B.S.",
      "endDate": "May 2017",
      "gpa": ""
    }
  ],
  "work": [
    {
      "company": "Acceptance AI",
      "location": "Chicago, IL",
      "position": "Software Engineer",
      "website": "",
      "startDate": "Jan 2020",
      "highlights": [
        "Integrated backend Node.js API with Zoom's OAuth API, JWTs & LIT Protocol JS SDK",
        "Enabled support for Zoom webinar API via OAuth credentials"
      ],
      "endDate": "Present"
    },
    {
      "highlights": [
        "Added a new data feed to existing ETL pipeline using Redshift and Hadoop",
        "Ported legacy angular test framework to cypress.js"
      ],
      "company": "Ensighten",
      "position": "Software Engineer",
      "location": "Chicago, IL",
      "startDate": "Jun 2019",
      "endDate": "Dec 2019"
    },
    {
      "highlights": [
        "Contributed to the implementation of the enterprise Java Ethereum client",
        "Contributed to Ethereum peer-to-peer gossip protocol open source implementation"
      ],
      "company": "ConsenSys",
      "position": "Software Engineer",
      "location": "San Francisco, CA",
      "startDate": "Jul 2017",
      "endDate": "Dec 2018"
    },
    {
      "highlights": [
        "Deployed Ethereum blockchain full node client on AWS that communicated with our Node.js API Server",
        "Published NPM module that called HappyChain that exposes our API to other developers."
      ],
      "company": "HappyChain",
      "position": "Co-founder",
      "location": "San Francisco, CA",
      "startDate": "Jan 2017",
      "endDate": "Aug 2017"
    },
    {
      "highlights": [
        "System Migration: Ported the Energy Sciences network testbed to a new architecture. This consisted of a linux OS and a network file system."
      ],
      "company": "Lawrence Berkeley National Laboratory",
      "position": "Science Web Programmer",
      "endDate": "Oct 2014",
      "startDate": "May 2014",
      "location": "Berkeley, CA"
    }
  ],
  "skills": [
    {
      "level": "",
      "keywords": [
        "Java",
        "Node.js",
        "Python",
        "PostgreSQL",
        "AWS"
      ],
      "name": "Programming Languages"
    }
  ],
  "projects": [
    {
      "name": "Custom DNS Resolver",
      "description": "Open source domain name server (DNS) library",
      "url": "https://github.com/timxor/happy-ens",
      "keywords": [
        "Node.js",
        "IPFS"
      ]
    },
    {
      "keywords": [
        "R",
        "PostgreSQL"
      ],
      "name": "Kaggle Prediction",
      "description": "Used random forests, bagging and SVM to create a model that predicts the likelihood of a user clicking through",
      "url": "https://github.com/timxor/click_prediction"
    }
  ],
  "awards": [
    {}
  ],
  "sections": [
    "templates",
    "profile",
    "education",
    "skills",
    "work",
    "projects",
    "awards"
  ]
}